<?xml version="1.0"?>
<pagescount>
	<html_total>41</html_total>
	<html_done>3</html_done>
	<images>84</images>
	<script>7</script>
	<css>5</css>
	<pdf/>
	<documents/>
	<excel/>
	<powerpoint/>
	<flash/>
	<audios/>
	<videos/>
	<xml/>
	<json>1</json>
	<txt/>
	<autocad/>
	<fonts>24</fonts>
	<scraping_reload>1</scraping_reload>
	<is_pretty_url>false</is_pretty_url>
	<is_ebn>false</is_ebn>
	<email>fydocart@gmail.com</email>
	<theme_name>WmdTheme507546</theme_name>
	<server_url_front_page>https://www6.waybackmachinedownloader.com/wdo/files/demo/vecurosoft.com_fydocart_gmail.com_0a97q6bdcl/</server_url_front_page>
	<no_www_url>vecurosoft.com</no_www_url>
	<hosted_domain/>
	<original_archive_url>http://vecurosoft.com/products/html/clianio/demo/faq.html</original_archive_url>
	<final_archive_url>http://vecurosoft.com/products/html/clianio/demo/faq.html</final_archive_url>
	<front_page_code_date/>
	<total_urls_from_api/>
	<max_reached_live>false</max_reached_live>
	<scrape_other_captures>false</scrape_other_captures>
	<total_size>22684</total_size>
</pagescount>
