<?xml version="1.0"?>
<pagescount>
	<html_total>82</html_total>
	<html_done>2</html_done>
	<images>35</images>
	<script>12</script>
	<css>7</css>
	<pdf/>
	<documents/>
	<excel/>
	<powerpoint/>
	<flash/>
	<audios/>
	<videos/>
	<xml/>
	<json/>
	<txt/>
	<autocad/>
	<fonts>23</fonts>
	<scraping_reload>1</scraping_reload>
	<is_pretty_url>false</is_pretty_url>
	<is_ebn>false</is_ebn>
	<email>fydocart@gmail.com</email>
	<theme_name>WmdTheme507729</theme_name>
	<server_url_front_page>https://www6.waybackmachinedownloader.com/wdo/files/demo/themesbrand.com_fydocart_gmail.com_a877u5y5pl/</server_url_front_page>
	<no_www_url>themesbrand.com</no_www_url>
	<hosted_domain/>
	<original_archive_url>https://themesbrand.com/dason/layouts/default/ecommerce-customers.html</original_archive_url>
	<final_archive_url>https://themesbrand.com/dason/layouts/default/ecommerce-customers.html</final_archive_url>
	<front_page_code_date/>
	<total_urls_from_api/>
	<max_reached_live>false</max_reached_live>
	<scrape_other_captures>false</scrape_other_captures>
	<total_size>11220</total_size>
</pagescount>
